{"cameraMode":{"drawMode":0,"name":"Shaded","section":"Shading Mode"},"sceneLighting":false,"audioPlay":false,"sceneViewState":{"showFog":true,"showMaterialUpdate":false,"showSkybox":false,"showFlares":true,"showImageEffects":true,"showParticleSystems":true},"in2DMode":false,"pivot":{"x":-3.725290298461914e-8,"y":0.16834795475006104,"z":0.32270365953445437},"rotation":{"x":-0.09040406346321106,"y":0.4933973252773285,"z":-0.05165309086441994,"w":-0.8635423183441162},"size":1.8919264078140259,"orthographic":false}