{"cameraMode":{"drawMode":0,"name":"Shaded","section":"Shading Mode"},"sceneLighting":false,"audioPlay":false,"sceneViewState":{"showFog":true,"showMaterialUpdate":false,"showSkybox":true,"showFlares":true,"showImageEffects":true,"showParticleSystems":true},"in2DMode":false,"pivot":{"x":3.153545379638672,"y":-7.66786003112793,"z":15.337026596069336},"rotation":{"x":0.4029611051082611,"y":-0.1634216010570526,"z":0.07335782051086426,"w":0.8975138664245606},"size":33.16950607299805,"orthographic":false}